transaction_index,fraud_probability,prediction,prediction_label,threshold,actual
1866,0.9999819,1,Fraud,0.73,1
2231,0.9998988,1,Fraud,0.73,1
2631,0.9997923,1,Fraud,0.73,1
659,0.98803586,1,Fraud,0.73,0
9346,0.7665668,1,Fraud,0.73,0
0,8.36427e-06,0,Non-fraud,0.73,0
1,5.9189365e-06,0,Non-fraud,0.73,0
2,2.3303005e-06,0,Non-fraud,0.73,0
3,2.9595283e-05,0,Non-fraud,0.73,0
4,0.000577843,0,Non-fraud,0.73,0
